,Teks,label
126,"Mau ekstra telpon, SMS, Internetan (S&K berlaku)? Ikuti surveu singkat tentang aplikasi musik s/d  3 September. Klik: http://tsel.me/mulu",2
127,"Mau internetan kuota BESAR dan harga MURAH? Buruan cek di *345#, penawaran ini khusus nomor kamu & cuma berlaku sebelum 16 Juli 2016",2
128,"Mau jajan? Gak usah kemana-mana sob, jajan online aja, terutama buat kamu yang suka nge games, cek http://tsel.me/jajanonline",2
129,"Mau paket data 1.5GB buat SEBULAN Cuma 20ribuan? Buruan ketik MAU ke 919, penawaran ini hanya berlaku sd 22-Jul-16",2
130,"Mau paket data Cuma 10ribuan? Buruan cek di *345#, penawaran ini hanya berlaku sebelum 1 Juli 2016",2
131,Mau Pergi Dari Hatiku nya Aliando di HP kamu? Ambil NSP GRATIS nya dengan akses ke *600# dan dapatkan promo gratis lainnya sesuai hobimu!,2
132,Merdeka Hot Sale 45%! Kuota 5GB 30Hari(Rp125rb) CUMA Rp68rb penawaran terbatas! Cek SEKARANG di *111*1# .D966,2
133,Migrasikan kartu Anda ke kartuHalo (NOMOR TETAP SAMA). DAPATKAN Paket Spesial 4GB Hanya 25rb/bulan. kunjungi GraPARI & tunjukan SMS ini.(Promo Terbatas).SKB,2
134,"Murah dan seru banget main gamesmu, pakai pulsa aja beli koinmu, cek caranya di http://tsel.me/jajanonline",2
135,MURAH! Hanya Rp25rb dptkan 2GB paket internetan utk 30hr. Kini internetan jadi semakin seru! Aktifkan segera di *550*904# promo s/d 29Feb16,2
136,"Naik Lebih Sering, Hemat Lebih Banyak bersama GRAB!  Cukup lakukan 1 perjalanan biasa dengan GRABCAR atau GRABTAXI dan kamu akan OTOMATIS mendapatkan diskon di perjalanan berikutnya! Nikmati diskon bertahap hinga 35ribu/trip, ayo coba dan buktikan!",2
137,"Nasabah YTH, rekening BTPN Wow! Anda sudah aktif. Lakukan transaksi melalui *247# menggunakan PIN rahasia Anda. Info hub 1500300.",2
138,"Nelpon MURAH hanya Rp 2500/panggilan ke MAL, SIN, Thailand, HK, China & USA dgn tekan 01016+Kode Negara+No Tujuan. Info: www.indosatooredoo.com/flatcall2500",2
139,"Nikmati Combo Wendy's Fried Chicken, nasi dan minum hanya Rp. 19.000 periode 13-19 Juni'16.Tukarkan SMS ini di Wendy's terdekat! Persediaan terbatas.Promo *606#",2
140,Nikmati Disc.40% utk Dominos Pizza Premium BIG PARTY WEEKEND.Harga Mulai Rp.48rb.Berlaku dine in/take away s/d 8 May'16.Kunjungi store terdekat/hubungi 1500366,2
141,Nikmati Discount 20% di Bakmi GM setiap hari hny dgn TCASH TAP! S&K berlaku. Info tsel.me/tappromo,2
142,"Nikmati diskon 25% tarif SLI 008 ke SEMUA NEGARA mulai pukul 00.00 sd 06.00 WIB, sd 31Agustus 13. Info lengkap ketik *122*5*4# atau www.indosat.com/iddpromo",2
143,"Nikmati Diskon Tarif Indosat 01016 & 001 hingga 70% ke 7 Negara (CHN, MLA,HKG,SNG,TWN,VTM,MACAU). Berlaku 07-28Feb13. Info : hub 100/111 atau *123# OK",2
144,Nikmati Double Internetan di jaringan Data terkuat 3GB dan 3GB (4G) dan Tlp&SMS SEPUASNYA dgn pkt Freedom Combo. Daftar *123# atau http://mycare.indosatooredoo.com,2
145,"Nikmati DOUBLE kuota PROMO 10GB(4G) di jaringan Data terkuat, UNLIMITED Nelp&SMS. 24JAM, dgn pkt Freedom Combo. Tekan *123# atau indosatooredoo.com/freedom",2
146,Nikmati EKSTRA PULSA 100% dgn isi ulang min. 50rb HANYA di aplikasi MyTelkomsel menggunakan T-Cash! Download di http://tsel.me/1 Promo s/d 11 Agst 2016,2
147,Nikmati EKSTRA PULSA 50% dgn isi ulang min. 100rb HANYA di aplikasi MyTelkomsel menggunakan Kartu Kredit VISA! Download di http://tsel.me/1 Promo s/d 11 Agst 16,2
148,Nikmati EXTRA 2GB 4G LTE + EXTRA kuota hingga 1GB midnight dg beli pkt FLASH 1GB/30hr mulai Rp 43rb di *363*49# Cek tarif di tsel.me/FL SKB,2
149,Nikmati EXTRA 2GB 4G LTE + EXTRA voucher belanja hingga 100rb dg beli pkt FLASH 1GB/30hr mulai Rp 43rb di *363*49# Cek tarif di tsel.me/FL SKB,2
150,NIKMATI INDOSAT SUPER 3G+ utk Internetan ckp 10rb/minggu dpt Kuota 225MB(50MB+Bonus 175MB jam 00-06)Kecepatan hgg3.6Mbps.tekan *123*4*1*1# syarat berlaku hub:100,2
151,"Nikmati kemudahan pembayaran iuran BPJS dgn TCASH. Cukup hubungi *800#, pilih menu pembayaran ATAU gunakan app T-Wallet di smartphone Android dan iPhone.",2
152,Nikmati nelpon dan SMS UNLIMITED ke sesama Indosat Ooredoo internetan sepuasnya 3 hari dengan paket Freedom Mini. ketik *123*88#,2
153,Nikmati nelpon dan SMS UNLIMITED ke sesama Indosat Ooredoo internetan sepuasnya 3 hari dengan paket Ramadhan Unlimited. ketik *123*88#,2
154,Nomor Anda telah diisi dengan nomor SN 6081606122581198060.,2
155,"Nomor kamu tidak memiliki Paket NetMax. Dapatkan Paket NetMax 5.5GB dan 7GB melalui hape *123#, aplikasi BimaTri, atau website tri.co.id.",2
156,Nomormu memang yang paling beruntung: Tes Identitas tersedia untukmu! Menangkan pulsa Rp10rb pada tes ke-30. Kirim SMS Y ke 99455 sekarang! Info:838 VD001,2
157,Pakai handphone XL Axiata mu langsung bisa internetan pakai XL,2
158,Pakai XL tdk perlu repot setting bisa langsung internetan. Yuk aktifkan paket Internet di My.XL.co.id sekarang.,2
159,Paket 1.5GB berhasil diaktifkan. Restart hape kamu utk dpt menikmati kuota internetan selama 90hari. Cek sisa kuota di *557*8#,2
160,Paket Anda sudah di non-aktifkan atas permintaan Anda. Penggunaan Internet anda akan di kenakan Tariff Dasar Internet sesuai skema tariff kartu Anda. Hubungi *363# untuk aktifkan Paket Internet lainnya. Info lebih lanjut www.telkomsel.com,2
161,"PAKET BRONET 24JAM 15MB 1hr sudah aktif. Nikmati 15MB berlaku di 00-23.59 aktif s.d 28-08-2016. Promo AXIS lainnya, telp *123#. Info838",2
162,"PAKET BRONET 24JAM 2GB 60hr Rp28800 akan segera aktif. Temukan penawaran menarik AXIS lainnya, telp *123#.Info838",2
163,"Paket BRONET 2GB 60hr 24jam sudah aktif. Nikmati internet 2GB berlaku hingga jam 23.59 aktif s.d 27-10-2016. Promo AXIS lainnya, telp *123#. Info838",2
164,Paket Flash anda 10 MB utk 1 hari akan berakhir pd 08/07/2016. Tarif non paket berlaku setelah tgl tsb. Info hubungi *363#. Cek Kuota *889#.,2
165,"Paket Internet BRONET 24 JAM 2GB, 60hr Kamu sudah aktif & otomatis diperpanjang 27-10-2016 jam 23:59. Info838",2
166,"Paket Internet spesial buat kamu. Internetan selama seminggu dgn kuota 1,5GB Cuma Rp10rb! Ayo segera Ketik KEBUT kirim ke 919 sd 29 Juli 2015. Jgn lupa ya",2
167,Paket Super Murah 2 pcs c strip/1 Ayam sayap+nasi+teh pucuk Rp.15.909.Tukarkan SMS ini di CFC YOGYA SUBANG hari ini!Selama persediaan masih ada.Promo *606#,2
168,"Paket super Ngebut 3.5GB, 30hr, Rp25rb Anda sudah aktif. Nikmati 500MB di 12.00:24.00 & 3G di 00:00-12:00 di 3G. Diperpanjang pada 11-Mar-2013 jam 23:59. Info 817",2
169,Paket Tsel Flash akan berakhir tgl 07/08/2016. Akan diperpanjang dg 10 MB utk 1 hari dengan harga 2500 dpt berubah sesuai lokasi anda .  Pastikan pulsa anda mencukupi. Utk berhenti berlangganan Ketik FLASH OFF ke 3636. Info detail tariff lihat di Tsel.me/internet ,2
170,Pelanggan Yth. Update informasi tarif terbaru anda di tsel.me/as atau hubungi 188 (Rp 300/call).,2
171,Pembelian Dave's Single Burger Gratis Small Fries & Minum. Periode 5-11 September 2016. Tukarkan SMS ini di Wendy's terdekat! Penawaran terbatas.Promo *606#,2
172,"PENAWARAN KHUSUS! BONUS KUOTA 500MB (1hr)! Cukup isi ulang min. 5,000 hari ini! Ayo buruan isi pulsa sekarang juga. T536",2
173,"Penawaran Spesial, Obral Paket Data 1.5 GB(00-24)+nelpon sepuasnya ke nmr Indosat hanya Rp20rb utk 1minggu.Daftar skrg ketik YA ke 929 berlaku hari ini RTX1",2
174,"Plg yth,Mohon memberikan nilai kepuasan pengalaman layanan Telkomsel ketik 1 utk bhs Indonesia & Type 2 for English send to 1166(FREE) (for int'l charged)",2
175,Promo diperpanjang! Gratis MIFI(modem) 4G hanya untukmu. Tunjukan SMS ini di Galeri Smartfren & isi pulsa 100rb utk bawa pulang MIFI favoritmu. s/d23Nov. DL40K,2
176,"PROMO POIN SPESIAL! Tukarkan 20 TselPoin Kamu dengan 20Menit, 100SMS, atau 20MB di *700*20#. Periode Promo 11-31 Juli 2016. Info hub: 188",2
177,"PROMO: Beli paket Flash mulai 1,3 GB di My Telkomsel App dpt EXTRA nelpon hingga 100mnt/1hr. Buruan, promo terbatas! S&K",2
178,"PROMO: Beli paket Flash mulai 1GB di MY TELKOMSEL APP dpt EXTRA kuota 2GB 4G LTE dan EXTRA nelpon hingga 100mnt/1hr. Buruan, cek  di tsel.me/mytsel1 S&K",2
179,"PROMO: Beli paket Flash mulai 3,5GB di My Telkomsel App dpt extra paket 1GB midnight (00-09). Buruan, promo terbatas! S&K",2
180,"PUAS Internetan, Chatting, Facebook dan nonton Video selama 30 hari hingga 1.5 GB Cuma Rp 30ribu. Beli paket di *100*1#",2
181,"quota 1,5 GB harga hanya mulai 32,5 ribu, beli paketnya di *100*1# Puas internetan selama 30 hari",2
182,"Raih smartphone, diskon merchant & free internet, voice, SMS di Promo 71 Tahun RI dengan tukar 17 Telkomsel POIN mulai 15Ags16 hanya di MyTelkomsel Apps",2
183,"RAWIT harganya miring, Internetan makin sering! AYO isi ulang kartu AXIS kamu sekarang, pastikan besok ikut promo Rabu RAWIT. Info838. LD328",2
184,"RAWIT Kuotanya Bagus, Harganya Khusus. AYO isi ulang kartu AXIS kamu sekarang, pastikan besok ikut promo Rabu RAWIT. Info838. LD299",2
185,"Ribet bolak balik cek pulsa&cek sisa kuota internetmu? Download aja aplikasi myCare, hanya 1x klik semua jadi mudah. akses di https://mycare.indosatooredoo.com",2
186,Rp29rb/bln utk 3 bln (hrg normal Rp59rb utk bln ke-4 dst) bisa NELPON & SMS SEPUASNYA ke IM3 plus kuota 1+1GB(4G)+10GB (4G).Mau? Ketik YA ke 919 sd 21 Juni 2016,2
187,Rp30rb/bln utk 3 bln (hrg normal Rp59rb utk bln ke-4 dst) bisa NELPON & SMS SEPUASNYA ke IM3 plus kuota 3GB+10GB (4G). Â Mau? Ketik YA ke 919 sd 05-Aug-16,2
188,Saatnya pindah ke jaringan 4G TERCEPAT. Tukar kartu Anda di Gerai IndosatOoredoo Jl.Jend Soedirman-Purwokerto &dptkn bns Rp25rb (utk Nelp/SMS ke IndosatOoredoo),2
189,Segera aktivasi rekening BTPN Wow! anda. Ketik *247# tekan Yes / Call lalu buat PIN rahasia Anda. Info lengkap hub. 1500300,2
190,Selamat Anda mendapatkan voucher Berrybenka Rp100rb. Masukkan kode voucher TW96d saat transaksi di www.berrybenka.com/simPATI. Mau voucher lain? Hub *999*1#,2
191,Selamat Anda mendapatkan voucher Lazada Rp100rb. Masukkan kode voucher TSt88 saat transaksi di www.lazada.co.id/simPATI. Mau voucher lain? Hub *999*1#,2
192,Selamat Anda mendapatkan voucher Zalora Rp100rb. Masukkan kode voucher TSU59 saat transaksi di www.zalora.co.id/simPATI. Mau voucher lain? Hub *999*1#,2
193,Selamat Anda telah mendapatkan BONUS pulsa Rp 100.000 ke sesama Indosat Ooredoo berlaku 3 hari dan Poin senyum Anda bertambah. Cek bonus *557*8#,2
194,"Selamat bergabung di Tri, nikmati kuota 3GB utk 30 hari.Kuota akan diperpanjang otomatis selama pulsa cukup. Nikmati bonus kuota berlipat hingga 1GB setiap perpanjangan. Kartu otomatis menjadi non-aktif jika dlm waktu 3 bln tdk ada aktivitas sama sekali",2
195,Selamat Paket 50 SMS ke semua operator Anda telah aktif. Cek kuota di *888#,2
196,Selamat Paket Anda telah aktif. Cek kuota di *889#,2
197,Selamat Paket BBM Gratis Anda telah diaktifkan. Paket BBM ini berlaku untuk 30 hari,2
198,"Selamat Paket Flash 10 MB (1 hari) Rp.2500 telah diaktifkan, berlaku s/d tgl 07/08/2016 pk. 23:59 WIB. Paket langsung diperpanjang pada akhir masa aktif paket dengan tarif sesuai lokasi Anda. Cek status/berhenti berlangganan melalui *363#. Info detail tarif lihat di Tsel.me/internet",2
199,"Selamat tambahan Flash Anda sudah aktif, berlaku s.d. 2016-08-07 23:59:59.",2
200,"Selamat! Anda berhak membeli PAKET PAS untuk Nelpon, SMS, Internetan, Video, dan NSP. Pilih paketnya MULAI Rp500 di *100*999#, hanya berlaku HARI INI! Info: 188",2
201,Selamat! Anda sudah mengaktifkan INSTINK utk dpt info menarik dari Telkomsel. Info berhenti program:*600*600#. CS:133/188,2
202,Selamat!!anda telah mendapat gratis 200 sms dari SMSGIFT dari no. 6285258952502. Info CS : 133/188,2
203,"Selamat, Anda mendapatkan kuota Tsel sebesar 100SMS. Cek kuota melalui *889#. Info: www.telkomsel.com",2
204,"Selamat, Anda telah membeli Paket Combo Kenyang  Internet As. Cek bonus di *889#.",2
205,Sensasi seru main game yang belum pernah ada. Ayo bergabung dengan para heroes di Game HIT. Download Gratis di http://bit.ly/2c6jsXN,2
206,"Seru banget main 8 Ball Pool, pakai pulsa bisa banget loh Bro untuk beli koin games lainnya, cek caranya di http://tsel.me/jajanonline",2
207,Smartfren Gratis Mi-Fi/modem 4G Tahun baru saatnya ganti gadget baru Bawa pulang Mi-Fi 4Gm-mu dg tunjukan sms ini ke Galeri SF & isi pulsa 100rb disana s/d 13Jan Info:888,2
208,"Special PROMO! BONUS KUOTA 500MB (1hr)! Cukup isi ulang mulai dari 5,000 hari ini! Ayo buruan isi pulsa sekarang juga. T580",2
209,"Spesial untuk Anda! Paket Flash Volume Ultima, kuota 1,8GB/30hr, kuota lebih banyak! Harga mulai Rp60rb di *100*473#. Tarif&lokasi cek di tsel.me/FL",2
210,Spesial untuk Anda! Paket Internet Hemat Kuota berlimpah. Hanya Rp35 Ribu kuota 2.5 GB/30 hari. Aktifkan sekarang juga di *550*905#. Buruan..! SKB,2
211,"SPESIAL utk kamu pelanggan setia Indosat Ooredoo. Bonus 14 hari masa aktif, 10 menit telp dan 100 SMS, CUMA isi ulang s/d 16 Desember 2015. (bonus berlaku 1x)",2
212,"Sticker LINE yang lucu-lucu banyak banget loh, beli yuk dengan pulsamu, gampang banget, coba yuk",2
213,"SUPER Wow! Gratis 12 GB buat kamu, ckup dgn isi pulsa minimun Rp 100 Ribu s.d 22 November. Hanya berlaku satu kali kesempatan & berlaku akumulasi loh! TL053C",2
214,"Tambahan THR dr MatahariMall. Kode THR6 utk Diskon 6% Elektronik, kode THR15 utk Diskon 15% Lifestyle, kode THR25 utk Diskon 25% Fashion. http://mthr.ml/TSELTHR",2
215,Terima Kasih telah menggunakan Paket Data dari Indosat. Info detail tekan *123#,2
216,"Terima kasih telah menjadi pelanggan setia Indosatooredoo. Download Video + BONUS GRATIS Nelpon 60 Menit, hubungi *900*8#",2
217,"Terima kasih telah menjadi Sahabat IndosatOoredoo, dapatkan Video & Game seru + Gratis telp di *323*2#",2
218,"Terima kasih telah menjadi Sahabat IndosatOoredoo. Kenalan tanpa batas dan BONUS GRATIS NELPON 60 menit, hub *955*1# lalu YA/OK",2
219,Terima kasih telah menjadi Sahabat IndosatOoredoo. Mau tahu RAHASIA2 TERHEBOH ARTIS-ARTIS TOP + bonus gratis nelpon 60 menit?Tlp *700*1#,2
220,"Terima kasih telah menjadi Sahabat IndosatOoredoo. Download Video + BONUS GRATIS Nelpon 60 Menit, hubungi *900*8#",2
221,"Terima kasih tlh melakukan isi ulang tgl. 20.02.2016. GRATIS NELPON 60Menit+VIDEO, tekan *900*9# lalu YES/OK",2
222,"Terkini, ungkapin apa yang ada dipikiranmu lewat sticker line, beli pake pulsa TSel https://store.line.me/ download di stickershop",2
223,Terus Isi saldo TCASHmu dan nikmati aneka promo di merchants partner TCASH! Cek promo terbaru TCASH di tsel.me/tappromo,2
224,Thank you for your appreciation & trust in using Telkomsel service. For further feedback please advice & text sms to 1166 (FREE)(for int'l charged),2
225,Tingkatkan nilai isi ulang Anda selanjutnya minimal Rp10ribu untuk bisa mendapatkan Paket MURAH PAS di *100*999#. Info 188.,2
226,Tri berBAGI bonus PULSA di bulan pernuh berkah! Isi pulsa min. 5rb dapet bonus pulsa 10rb utk nelp ke nmr Tri! Hanya hari ini saja! Ayo buruan isi pulsa! T496,2
227,"TrmKsh Anda Tlh Berhasil Mengisi Pulsa SMARTFREN 10.000.Mau Jualan PULSA/BAYAR LISTRIK,SPEEDY/TELKOM Hub:Agen BAROKAH/Mp Reload.Pasti untung?",2
228,Udah top up coins di LINE utk beli sticker atau themes? Beli skrg jg pake pulsa utk tambah koleksi-mu! Cek caranya di http://tsel.me/jajanonline,2
229,"Use my invite code, nxmvf722ue, and get a free ride up to Rp75,000. Redeem it at https://www.uber.com/invite/nxmvf722ue",2
230,Wow! Diskon 50% utk pembelian paket Flash 6GB + BONUS 60Menit CUMA Rp60rb utk 30hr di *999*606# SEKARANG! Tunggu apalagi buruan! S&K berlaku,2
231,Wow! Promo diperpanjang sd 13 Agt. Khusus kamu! Tukar HP Smartfrenmu dengan Andromax E LTE Cuma 709rb dr 999rb. Ayo datangi Gallery Smartfren terdekat.,2
232,"Yang lain penuh batasan,kami beri kebebasa n. DOUBLE KUOTA BONUS 10GB(4G), UNLIMITED Nelp&SMS, Musik streaming gak pakai Kuota!cuma dg FREEDOM COMBO. Daftar*123#",2
233,Yuk dengerin secara langsung update keseharian Seleb dr Blog Suaranya! Tlp *5094* GRATIS 3hr lalu Rp2500/mgg.CS:838. VAS280,2
234,"Yuk INTERNET-an NGEBUT utk akses FB, Twitter, & Chatting dgn beli Paket Flash 500MB/7hr (sesuai zona lokasi) mulai Rp25rb di *100*433# cek tarif di tsel.me/FL",2
235,"Yuk temen belanja di google play, mudah banget loh, pakai pulsa juga bisa, http://tsel.me/jajanonline",2
236,"Yuk tetap gunakan Flash Volume Ultima utk update informasi Anda, kuota 60MB/7hr mulai Rp7rb di *100*431#. Tarif&lokasi cek di tsel.me/FL",2
237,Mau nonton bioskop gratis bersama keluarga? Cigna berikan khusus untuk Anda. Tunggu telepon dari kami. Info Cigna Klik bit.ly/tentangCIGNA,2
238,Yuks internetan seru-seruan dg Flash Volume Ultima kuota 1.8GB/30hr mulai dari Rp60rb sesuai zona lokasi. Hub *363*145#. Info tarif & lokasi lihat di tsel.me/FL,2
